{
  "lora": {
    "accuracy": 0.1655379984951091,
    "macro_f1": 0.16679559111602296,
    "per_class": {
      "flower": {
        "precision": 0.2416452442159383,
        "recall": 0.22380952380952382,
        "f1-score": 0.2323856613102596,
        "support": 420.0
      },
      "fruit": {
        "precision": 0.15333333333333332,
        "recall": 0.10021786492374728,
        "f1-score": 0.12121212121212122,
        "support": 459.0
      },
      "leaf": {
        "precision": 0.125,
        "recall": 0.17777777777777778,
        "f1-score": 0.14678899082568808,
        "support": 450.0
      }
    },
    "trainable_params": 0,
    "total_params": 22206339,
    "trainable_pct": 0.0,
    "latency_mean_ms": 675.5127799200636,
    "latency_std_ms": 45.22382047345366,
    "confusion_matrix": [
      [
        94,
        84,
        242
      ],
      [
        95,
        46,
        318
      ],
      [
        200,
        170,
        80
      ]
    ]
  },
  "efficientnet_b0": {
    "accuracy": 1.0,
    "macro_f1": 1.0,
    "per_class": {
      "flower": {
        "precision": 1.0,
        "recall": 1.0,
        "f1-score": 1.0,
        "support": 420.0
      },
      "fruit": {
        "precision": 1.0,
        "recall": 1.0,
        "f1-score": 1.0,
        "support": 459.0
      },
      "leaf": {
        "precision": 1.0,
        "recall": 1.0,
        "f1-score": 1.0,
        "support": 450.0
      }
    },
    "total_params": 4011391,
    "latency_mean_ms": 59.56920801985689,
    "latency_std_ms": 4.007596726159743,
    "confusion_matrix": [
      [
        420,
        0,
        0
      ],
      [
        0,
        459,
        0
      ],
      [
        0,
        0,
        450
      ]
    ]
  }
}